,OTU_SEQID,SSEQID,BLAST_E-SCORE_NCBI_BLAST,BLAST_SCORE_NCBI_BLAST,BLAST_BIT_SCORE_NCBI_BLAST,BLAST_IDENTITY_NCBI_BLAST,BLAST_QCOV_NCBI_BLAST,X,NCBI_TAXID,species,genus,family,order,class,phylum,kingdom,TOTAL,Sample,I.I,J.J,K.K,L.L,F.F,M.M,N.N,G.G,H.H,D.D,.superorder,.subclass,.subphylum,.superkingdom,suborder,infraclass,superclass,subspecies,superfamily,infraorder,tribe,subfamily,SEQUENCE
1,MISEQ01:208:000000000-BFL3R:1:1101:10387:3442_CONS_SUB_SUB,gi|983635873|gb|KT119411.1|,5.25e-158,307,568,99.361,100,7,1343680,Narcine bancroftii,Narcine,Narcinidae,Torpediniformes,Chondrichthyes,Chordata,Metazoa,6,0,0,0,0,0,0,6,0,0,0,0,Batoidea,Elasmobranchii,Craniata,Eukaryota,NA,NA,NA,NA,NA,NA,NA,NA,TCTTGCTGGTAACCTCGCCCATGCAGGAGCATCAGTTGATTTAACAATTTTCTCATTACATTTAGCTGGAATTTCATCTATCTTAGCATCCATTAATTTTATTACCACAATTATTAATATAAAATCCCCATCAATTACACAATACCAAACACCCCTTTTCGTATGATCATTACTTGTAACCACAATTCTATTACTCTTATCTTTACCAGTCTTAGCAGCAGGTATCACTATATTATTAACAGACCGAAATCTTAATACAACCTTTTTTGATCCAGCAGGAGGTGGTGATCCAATCTTATATCAACATCTATTC
2,MISEQ01:208:000000000-BFL3R:1:1101:11294:2530_CONS_SUB_SUB_CMP,gi|386687375|gb|JQ842388.1|,2.44e-156,304,562,99.042,100,11,75286,Ariopsis felis,Ariopsis,Ariidae,Siluriformes,Actinopteri,Chordata,Metazoa,1,0,0,0,1,0,0,0,0,0,0,0,Characiphysae,Neopterygii,Craniata,Eukaryota,Siluroidei,Teleostei,Actinopterygii,NA,NA,NA,NA,NA,TCTTGCTGGTAACCTCGCTCACGCAGGGGCCTCCGTAGACCTTACTATTTTTTCTCTTCACCTAGCAGGGGTATCATCAATTCTAGGGGACATTAACTTTATCACAACTATTATTAACATGGAACCCCCAGCCATTTCACAATATCAAACACCCCTATTTGTTTGAGCCATTCTAATTACTGCTGTACTCTTACTTCTTTCTCTCCCAGTTTTAGCTGCCGGTATTACTATGCTACTAACAGACCGAAACCTAAATACTACTTTCTTTGATCCCGCAGGAGGAGGAGATCCAATTCTTTACCAACATCTCTTT
3,MISEQ01:208:000000000-BFL3R:1:1101:11427:2261_CONS_SUB_SUB,gi|1335827988|gb|MF972070.1|,5.44e-133,262,484,94.569,100,12,180523,Siphateles bicolor,Siphateles,Cyprinidae,Cypriniformes,Actinopteri,Chordata,Metazoa,1,0,0,0,0,0,0,0,1,0,0,0,Cypriniphysae,Neopterygii,Craniata,Eukaryota,NA,Teleostei,Actinopterygii,Siphateles bicolor mohavensis,Cyprinoidea,NA,NA,NA,ACTCGCAGGCAGCCTAGCCCACGCCGGAGCATCAGTAGATCTAACAATCTTCTCACTACATCTGGCAGGTGTCTCATCAATTTTAGGCTCAATTAACTTTATTACCACCATTATTAATATAAAACCCCCAGCCATCTCCCAGTATCAAACACCCTTCTTCGTTTGATCGATTCTTGTAACAGCTATTCTCCTTCTTCTATCACTACCAGTGCTGGCTGCAGGAATCACAATGCTTCTTACAGATCGAAACCTTAACACCACATTCTTTGACCCCGCGGGGGGGGGAGACCCGATTCTATACCAACACCTGTTC
4,MISEQ01:208:000000000-BFL3R:1:1101:11808:2672_CONS_SUB_SUB_CMP,gi|1386678616|gb|MF508682.1|,5.37e-143,280,518,96.486,100,13,7808,Carcharhinus plumbeus,Carcharhinus,Carcharhinidae,Carcharhiniformes,Chondrichthyes,Chordata,Metazoa,1,0,0,0,0,0,1,0,0,0,0,0,Galeoidea,Elasmobranchii,Craniata,Eukaryota,NA,Selachii,NA,NA,NA,NA,NA,NA,ATTAGCTAGAAACTTAGCACATGCTGAACCATCTGTTGATTTAGCTATTTTCTCTCTTCACTTACCCGGTATTTCATAATTTTTAGCTTAAATTAATTTTATTACAACAATTATTAACATAAAACCACCAGCCATTTCACAATATCAAACACCATTATTTGTTTGATCTATTCTTATAACCACTATTCTTCTTCTCCTCTCACTTCCAGTTCTTGCAGCAGGGATTACAATGCTACTTACAGATCGTAACCTCAACACTACATTCTTTGACCCTGCGGGTGGAGGAGATCCAATTCTATATCAACATTTATTT
5,MISEQ01:208:000000000-BFL3R:1:1101:12495:2478_CONS_SUB_SUB,gi|58700686|gb|AY861370.1|,1.3e-59,130,241,85.841,72,10,311544,Caligus centrodonti,Caligus,Caligidae,Siphonostomatoida,Maxillopoda,Arthropoda,Metazoa,2,0,0,0,0,0,2,0,0,0,0,0,Podoplea,Copepoda,Crustacea,Eukaryota,NA,Neocopepoda,NA,NA,NA,NA,NA,NA,CTTATCTTCATGGGTTTTTCACTCTGGGGCTTCTGTGGATTTTGCTATTTTTTCTTTACATTTAGCAGGGGTGTCTTCGCTCTTAGGTGCGGTAAATTTTATTAGTACGATTTTAAACTTGCGGTGTCTAGGGATATTAGTTGAGCGGATACCTATGTTTCCGTGATCAGTTTTGGTAACTGCTGTTTTATTACTTCTTTCTCTTCCTGTATTAGCTGGGGCTATTACGATATTACTGACAGACCGGAATCTTAACACAACCTTTTTTGACCCAAGGGGAGGGGGGGATCCTATTTTGTATCAACACTTGTTT
6,MISEQ01:208:000000000-BFL3R:1:1101:12635:2284_CONS_SUB_SUB,gi|384383010|gb|JN086546.1|,5.25e-158,307,568,99.361,100,14,1173526,Chloeia viridis,Chloeia,Amphinomidae,Eunicida,Polychaeta,Annelida,Metazoa,1,0,0,0,0,0,0,1,0,0,0,0,NA,Palpata,NA,Eukaryota,NA,Aciculata,NA,NA,NA,NA,NA,NA,TCTGTCCAGAAATATAACCCATGCAGGCCCCTCTGTAGACCTTGCTATCTTCTCACTTCACCTTGCCGGGGCATCCTCTATTTTAGCATCATTAAACTTTATTACTACAACAATAAACATACGAATAGAAGGAATAGTAATGGAACGAGTTCCTCTGTTTGTCTGATCAGTTCTTATCACCGCCATTCTCTTACTACTATCTTTACCAGTTCTAGCTGGAGCTATTACTATACTCCTAACAGACCGTAATCTTAACACTTCTTTCTTCGACCCGGCAGGAGGAGGAGACCCTGTTCTATTTCAGCATATCTTC
7,MISEQ01:208:000000000-BFL3R:1:1101:13079:2815_CONS_SUB_SUB,gi|1035662351|gb|KU905964.1|,1.13e-159,310,573,99.681,100,15,372818,Achelous gibbesii,Achelous,Portunidae,Decapoda,Malacostraca,Arthropoda,Metazoa,1,0,0,1,0,0,0,0,0,0,0,0,Eucarida,Eumalacostraca,Crustacea,Eukaryota,Pleocyemata,NA,NA,NA,Portunoidea,Brachyura,NA,NA,TCTATCAGCCTCTATTGCCCATGCTGGAGCTTCAGTTGACCTTGGTATTTTCTCTCTTCATTTAGCAGGTGTTTCTTCTATTTTAGGTGCCGTTAATTTTATAACTACAGTTATTAACATACGATCCTTTGGAATAAGAATAGACCAAATACCTTTATTTGTATGATCCGTATTTATTACTGCAATTCTTCTGCTTTTATCTTTACCAGTATTAGCAGGTGCAATTACCATGCTCCTTACTGACCGTAATTTAAATACTTCCTTCTTCGACCCCGCAGGAGGAGGGGACCCTGTTCTATATCAACACTTATTT
8,MISEQ01:208:000000000-BFL3R:1:1101:13178:2824_CONS_SUB_SUB,gi|554521260|gb|KF461152.1|,2.43e-161,313,579,100,100,4,61865,Carcharhinus limbatus,Carcharhinus,Carcharhinidae,Carcharhiniformes,Chondrichthyes,Chordata,Metazoa,299,0,3,0,41,0,230,0,0,1,24,0,Galeoidea,Elasmobranchii,Craniata,Eukaryota,NA,Selachii,NA,NA,NA,NA,NA,NA,ATTAGCTAGCAACTTAGCACATGCTGGACCATCTGTTGATTTAGCCATTTTCTCTCTTCACTTAGCTGGTGTTTCATCAATTTTAGCTTCAATTAATTTTATTACAACTATTATTAATATAAAACCACCAGCCATTTCCCAATATCAAACACCATTATTTGTTTGATCTATTCTTGTAACTACTATTCTTCTTCTCCTTTCACTTCCAGTTCTTGCAGCAGGGATTACAATATTACTTACAGATCGTAACCTCAATACCACATTCTTTGATCCTGCAGGTGGAGGAGATCCAATCCTTTATCAACATTTATTT
9,MISEQ01:208:000000000-BFL3R:1:1101:13199:2598_CONS_SUB_SUB,gi|1191080167|gb|MF041551.1|,1.46e-153,299,553,99.026,99,16,1311548,Fowlerichthys radiosus,Fowlerichthys,Antennariidae,Lophiiformes,Actinopteri,Chordata,Metazoa,1,0,0,0,0,0,0,0,0,0,0,1,NA,Neopterygii,Craniata,Eukaryota,Antennarioidei,Teleostei,Actinopterygii,NA,NA,NA,NA,NA,TTTCAGGGAACCTAGCACACTCGGGAGCATCCGTCGACCTAACCATTTTCTCACTTCACCTCGCTGGTGTATCATCAATTCTATGGGCTATTAATTTTATTACCACCATTCTTAATATAAAACCACCTGCCCTATCACAATATCAGACACCCTTATTTGTATGAGCTGTTTTAGTCACCGCAATTTTACTCCTCCTGTCCCTCCCCGTCCTTGCCGCCGGAATTACAATACTCCTTACTGACCGTAACCTAAACACAACCTTCTTCGATCCAACAGGCGGGGGGGATCCTATCCTTTATCAACACCTATTC
10,MISEQ01:208:000000000-BFL3R:1:1101:13337:3526_CONS_SUB_SUB,gi|1335827988|gb|MF972070.1|,2.43e-161,313,579,100,100,2,180523,Siphateles bicolor,Siphateles,Cyprinidae,Cypriniformes,Actinopteri,Chordata,Metazoa,688,0,0,2,0,0,0,323,356,4,2,1,Cypriniphysae,Neopterygii,Craniata,Eukaryota,NA,Teleostei,Actinopterygii,Siphateles bicolor mohavensis,Cyprinoidea,NA,NA,NA,ACTCGCAGGCAACCTAGCCCACGCCGGAGCATCAGTAGATCTAACAATCTTCTCACTACATCTGGCAGGTGTCTCATCAATTTTAGGGGCAGTAAACTTTATTACCACAATTATTAATATAAAACCCCCAGCCATCTCCCAGTATCAAACACCCCTCTTCGTATGAGCCGTTCTTGTAACAGCCGTTCTCCTTCTTCTATCACTACCAGTGCTGGCTGCCGGAATCACAATGCTTCTTACAGATCGAAATCTTAACACCACATTCTTTGATCCCGCGGGGGGAGGAGACCCGATTCTATACCAACACCTGTTC
11,MISEQ01:208:000000000-BFL3R:1:1101:13568:3350_CONS_SUB_SUB,gi|584295286|gb|KF929640.1|,4.21e-134,264,488,95.161,99,17,303685,Balistes capriscus,Balistes,Balistidae,Tetraodontiformes,Actinopteri,Chordata,Metazoa,1,0,0,0,0,0,0,0,0,0,0,1,NA,Neopterygii,Craniata,Eukaryota,NA,Teleostei,Actinopterygii,NA,Balistoidea,NA,NA,NA,TCTCGCGGGGAACCTCGCCCATGCAGGAGCCTCTGTTGATCTAACCATCTTTTCATTACATTTAGCGGGTATTTCGTCAATTCTGGGAGCAATTAACTTTATTACAACAATTATTAACATAAAACCCCCTGCTATTTCTCAATATCAAACGCCCTTGTTTGTCTGAGCAGTCCTAATTACGGCTGTTCTTCTCCTTTTATCGCTCCCCGTCCTAGCCGCCGGAATCACAATGCTTCTTACAGATCGAAATCTTAACACCACATTCTTTGATCCCGCGGGGGGAGGAGACCCGATTCTATACCAACACCTGTTC
12,MISEQ01:208:000000000-BFL3R:1:1101:13753:2722_CONS_SUB_SUB,gi|1371547973|gb|KY984984.1|,4.05e-159,309,571,99.679,100,8,8236,Thunnus albacares,Thunnus,Scombridae,Scombriformes,Actinopteri,Chordata,Metazoa,3,0,0,0,0,0,1,0,0,0,2,0,NA,Neopterygii,Craniata,Eukaryota,NA,Teleostei,Actinopterygii,NA,NA,NA,Thunnini,Scombrinae,CTTGCCGGCAACCTGGCCCACGCAGGGGCATCAGTTGACCTAACTATTTTCTCACTTCACTTAGCAGGGGTTTCCTCAATTCTTGGGGCAATTAACTTCATCACAACAATTATCAATATGAAACCTGCAGCTATTTCTCAGTATCAAACACCACTGTTTGTATGAGCTGTACTAATTACAGCTGTTCTTCTCCTACTTTCCCTTCTAGTCCTTGCCGCTGGTATTACAATGCTCCTTACAGACCGAAACCTAAATACAACCTTCTTCGACCCTGCAGGAGGGGGAGACCCAATCCTTTACCAACACCTATTC
13,MISEQ01:208:000000000-BFL3R:1:1101:15165:3282_CONS_SUB_SUB,gi|87042872|gb|DQ373942.1|,4.05e-159,309,571,99.679,100,18,370612,Illex cf. illecebrosus DBC-2006,Illex,Ommastrephidae,Teuthida,Cephalopoda,Mollusca,Metazoa,1,0,0,0,0,0,0,0,0,0,0,1,Decapodiformes,Coleoidea,NA,Eukaryota,Oegopsina,Neocoleoidea,NA,NA,NA,NA,NA,NA,TTATCTAGAAATTTATCTCATGCTGGACCCTCTGTTGATTTAGCTATTTTTTCATTACACCTTGCAGGTGTTTCCTCTATTCTAGGAGCAATTAATTTTATTACAACTATTTTAAATATACGATGAGAAGGTCTCCAAATAGAACGTTTACCTTTATTTGTATGATCTGTATTTATTACTGCTATTTTATTATTATTATCCCTACCTGTTTTAGCTGGAGCTATTACAATATTACTAACAGATCGAAATTTTAATACCACTTTTTTTGATCCCAGAGGTGGAGGAGACCCGATTTTATATCAACATCTATTT
14,MISEQ01:208:000000000-BFL3R:1:1101:15276:3128_CONS_SUB_SUB,gi|1390040085|gb|MG703545.1|,9.04e-136,267,494,95.752,98,19,587731,Rhizoprionodon lalandii,Rhizoprionodon,Carcharhinidae,Carcharhiniformes,Chondrichthyes,Chordata,Metazoa,1,0,0,0,0,0,0,0,0,1,0,0,Galeoidea,Elasmobranchii,Craniata,Eukaryota,NA,Selachii,NA,NA,NA,NA,NA,NA,ATTAGCTAGTAATATAGCTCACGCTGGACCATCTGTTGATCTGGCTATTTTCTCCCTTCATTTAGCCGGTGTTTCATCAATTTTAGCCTCAATTAACTTTATTACAACCATTATCAACATAAAACCACCAGCTATTTCCCAATATCAAACACCACGATTTGTTTGATCTATTCTTGTAACTACTATTCTTCTTCTCCTTTCACTTCCAGTTCTTGCAGCAGGGATTACAATATTACTTACAGATCGTAACCTCAATACCACATTCTTTGATCCTGCAGGTGGAGGAGATCCAATCCTTTATCAACATTTATTT
15,MISEQ01:208:000000000-BFL3R:1:1101:15680:2799_CONS_SUB_SUB,gi|831180770|gb|KT075313.1|,1.13e-159,310,573,99.681,100,1,303945,Rhizoprionodon terraenovae,Rhizoprionodon,Carcharhinidae,Carcharhiniformes,Chondrichthyes,Chordata,Metazoa,3043,0,25,25,1546,0,434,1,2,506,504,0,Galeoidea,Elasmobranchii,Craniata,Eukaryota,NA,Selachii,NA,NA,NA,NA,NA,NA,ATTAGCTAGTAATATAGCTCACGCTGGACCATCTGTTGATCTGGCTATTTTCTCCCTTCATTTAGCCGGTGTTTCATCAATTTTAGCCTCAATTAACTTTATTACAACCATTATCAACATAAAACCACCAGCTATTTCCCAATATCAAACACCTTTATTTGTTTGATCTATTCTTGTAACTACTATTCTCCTTCTCCTTTCACTTCCAGTCCTTGCAGCAGGAATTACAATATTACTTACAGATCGCAACCTTAATACCACATTCTTTGACCCTGCAGGTGGGGGAGACCCAATTCTTTACCAACACCTATTC
16,MISEQ01:208:000000000-BFL3R:1:1101:15905:2827_CONS_SUB_SUB,gi|1386678616|gb|MF508682.1|,1.13e-159,310,573,99.681,100,5,7808,Carcharhinus plumbeus,Carcharhinus,Carcharhinidae,Carcharhiniformes,Chondrichthyes,Chordata,Metazoa,126,0,1,0,0,0,123,0,0,0,2,0,Galeoidea,Elasmobranchii,Craniata,Eukaryota,NA,Selachii,NA,NA,NA,NA,NA,NA,ATTAGCTAGTAACCTAGCACATGCTGGACCATCTGTTGATTTAGCTATTTTCTCTCTTCACTTAGCCGGTATTTCATCAATTTTAGCTTCAATTAATTTTATTACAACAATTATTAACATAAAACCACCAGCCATTTCACAATATCAAACACCATTATTTGTTTGATCTATTCTTGTAACCACTATTCTTCTTCTCCTCTCACTTCCAGTTCTTGCAGCAGGGATTACAATACTACTTACAGATCGTAACCTCAACACTACATTCTTTGACCCTGCGGGTGGAGGAGATCCAATTCTTTATCAACATTTATTT
17,MISEQ01:208:000000000-BFL3R:1:1101:16328:2805_CONS_SUB_SUB,gi|1411195580|gb|MH378639.1|,2.43e-161,313,579,100,100,3,303685,Balistes capriscus,Balistes,Balistidae,Tetraodontiformes,Actinopteri,Chordata,Metazoa,592,0,0,1,0,0,0,0,382,2,0,207,NA,Neopterygii,Craniata,Eukaryota,NA,Teleostei,Actinopterygii,NA,Balistoidea,NA,NA,NA,TCTCGCGGGGAACCTCGCCCATGCAGGAGCCTCTGTTGATCTAACCATCTTTTCATTACATTTAGCGGGTATTTCGTCAATTCTGGGAGCAATTAACTTTATTACAACAATTATTAACATAAAACCCCCTGCTATTTCTCAATATCAAACGCCCTTGTTTGTCTGAGCAGTCCTAATTACGGCTGTTCTTCTCCTTTTATCGCTCCCCGTCCTAGCCGCCGGCATTACAATGCTTCTCACTGATCGAAACTTAAATACCACATTCTTTGACCCTGCAGGAGGCGGCGACCCCATCCTTTACCAACACCTCTTT
18,MISEQ01:208:000000000-BFL3R:1:1101:16371:3224_CONS_SUB_SUB,gi|1185245518|gb|KY176620.1|,1.13e-159,310,573,99.681,100,20,13677,Scomber scombrus,Scomber,Scombridae,Scombriformes,Actinopteri,Chordata,Metazoa,1,0,0,0,1,0,0,0,0,0,0,0,NA,Neopterygii,Craniata,Eukaryota,NA,Teleostei,Actinopterygii,NA,NA,NA,Scombrini,Scombrinae,ACTAACTGGTAACCTAGCGCATGCCGGGGCATCAGTTGACCTAACCATCTTCTCCCTTCACCTAGCAGGTGTTTCCTCAATTCTTGGGGCCATTAACTTCATCACAACAATTATTAATATGAAACCTGCAGGTATCTCTCAATACCAAACCCCTCTGTTCGTCTGAGCAGTCCTAATTACAGCTGTTCTTCTACTCCTATCTCTGCCAGTCCTTGCTGCCGGCATTACAATGCTTCTAACTGATCGAAATCTTAATACCACTTTCTTTGACCCCGGAGGAGGAGGAGATCCTATTCTTTACCAACATCTATTC
19,MISEQ01:208:000000000-BFL3R:1:1101:17007:2008_CONS_SUB_SUB,gi|62866999|gb|AY937373.1|,4.08e-154,300,555,98.718,100,6,168759,Nanomia bijuga,Nanomia,Agalmatidae,Siphonophorae,Hydrozoa,Cnidaria,Metazoa,7,0,0,0,0,0,0,7,0,0,0,0,NA,Hydroidolina,NA,Eukaryota,Physonectae,NA,NA,NA,NA,NA,NA,NA,TTATCAGGCCCTCAAACCCATTCTGGTGGATCAGTAGATCTGGCCATTTTTAGTTTACACACAGCAGGAGCTTCCTCTATTATGGGTGCTATAAACTTTATAACAACTATATTTAATATGAGAGCTCCTGGCATGTCTTTTGATAAATTACCATTGTTTGTATGGCCGGTGTTAATTACCGCTTTCTTATTATTACTTTCCCTACCTGTATTGGCAGGAGCCATAACCATGCTTTTAACCGATAGGAATTTTAATACTAGCTTTTTTGACCCTGCAGGTGGTGGTGATCCAGTTTTATACCAACACTTATTT
20,MISEQ01:208:000000000-BFL3R:1:1101:18026:2560_CONS_SUB_SUB,gi|554521260|gb|KF461152.1|,1.92e-142,279,516,96.486,100,21,61865,Carcharhinus limbatus,Carcharhinus,Carcharhinidae,Carcharhiniformes,Chondrichthyes,Chordata,Metazoa,1,0,0,0,0,0,1,0,0,0,0,0,Galeoidea,Elasmobranchii,Craniata,Eukaryota,NA,Selachii,NA,NA,NA,NA,NA,NA,ATTAGCTAGCAACTTAGCTCACGCTGGACCATCTGTTGATCTGGCCATTTCTCTCTTCACTTAACCGGGGTTTCATCCATTTTAGCTTCAATTAATTTTATTACAACTATTATTAATATAAAACCACCAGCCATTTCCCAATATCAAACACCTTTATTTGTTTGATCTATTCTTGTAACTACTATTCTTCTTCTCCTTTCACTTCCAGTTCTTGCAGCAGGAATTACAATATTACTTACAGATCGTAACCTCAATACCACATTCTTTGATCCTGCAGGTGGAGGAGATCCAATCCTTTATCAACATTTATTT
21,MISEQ01:208:000000000-BFL3R:1:1101:18589:3476_CONS_SUB_SUB,gi|918768411|gb|KP331684.1|,2.43e-161,313,579,100,100,9,40496,Lutjanus synagris,Lutjanus,Lutjanidae,,Actinopteri,Chordata,Metazoa,3,0,0,0,0,0,0,0,0,0,0,3,NA,Neopterygii,Craniata,Eukaryota,NA,Teleostei,Actinopterygii,NA,NA,NA,NA,Lutjaninae,CCTAGCAGGAAACCTGGCACACGCAGGAGCATCTGTAGACCTAACTATTTTCTCCCTGCATTTAGCAGGTGTCTCTTCAATTCTAGGGGCCATCAACTTCATCACAACAATTATTAACATGAAACCCCCTGCTATCTCCCAATACCAAACACCCCTGTTCGTTTGAGCCGTTCTAATTACGGCTGTTCTACTTCTTCTCTCTCTACCAGTTTTAGCGGCCGGAATTACAATACTTCTTACAGACCGAAACCTAAACACAACCTTCTTTGACCCCGCAGGAGGAGGAGACCCCATCCTCTACCAACACCTGTTC
22,MISEQ01:208:000000000-BFL3R:1:1101:19198:1838_CONS_SUB_SUB,gi|1016562122|gb|KU925203.1|,1.13e-159,310,573,99.681,100,22,36987,Coptotermes formosanus,Coptotermes,Rhinotermitidae,Blattodea,Insecta,Arthropoda,Metazoa,1,0,0,0,0,0,0,0,0,0,1,0,Dictyoptera,Neoptera,NA,Eukaryota,NA,Orthopteroidea,Hexapoda,NA,Blattoidea,NA,NA,Coptotermitinae,TCTAGCAAGAGGAATTGCACACGCCGGAGCATCTGTAGACTTAGCCATCTTTTCCCTACACTTAGCAGGTGTATCATCAATCCTAGGAGCAGTAAACTTCATTTCAACGACAATCAACGTAAAACCAAAGAGTATAAAACCTGAACGAATTCCACTATTTGTATGATCAGTTGCCATAACAGCATTACTACTGTTACTATCACTACCAGTATTAGCAGGAGCAATCACTATACTACTAACCGACCGTAACCTAAATACATCATTCTTCGACCCTGCAGGAGGAGGAGACCCAATCCTATATCAACACTTATTT
23,MISEQ01:208:000000000-BFL3R:1:1101:19550:2621_CONS_SUB_SUB,gi|1386678610|gb|MF508679.1|,2.43e-161,313,579,100,100,23,46612,Carcharhinus leucas,Carcharhinus,Carcharhinidae,Carcharhiniformes,Chondrichthyes,Chordata,Metazoa,1,0,0,0,1,0,0,0,0,0,0,0,Galeoidea,Elasmobranchii,Craniata,Eukaryota,NA,Selachii,NA,NA,NA,NA,NA,NA,ATTAGCTAGCAATCTAGCACATGCTGGGCCATCTGTTGACTTAGCTATCTTCTCCCTTCACTTAGCTGGTGTTTCATCAATTTTAGCTTCAATTAATTTTATTACAACTATTATTAATATAAAACCACCAGCCATTTCCCAATATCAAACACCATTATTTGTTTGATCCATTCTTGTAACCACTATTCTTCTTCTCCTCTCACTCCCAGTCCTTGCAGCAGGGATTACAATATTACTTACAGATCGTAACCTTAATACTACATTCTTTGATCCTGCAGGTGGAGGAGACCCAATCCTTTATCAACACTTATTT
24,MISEQ01:208:000000000-BFL3R:1:1101:20137:2410_CONS_SUB_SUB_CMP,gi|407946921|gb|JX519394.1|,2.43e-161,313,579,100,100,24,1226401,Saurida brasiliensis,Saurida,Synodontidae,Aulopiformes,Actinopteri,Chordata,Metazoa,1,0,0,0,0,0,0,1,0,0,0,0,NA,Neopterygii,Craniata,Eukaryota,Aulopoidei,Teleostei,Actinopterygii,NA,NA,NA,NA,Harpadontinae,ACTGGCCGGGAATCTTGCCCACGCCGGAGCATCTGTTGACCTCACAATTTTCTCCCTTCATCTGGCCGGAATCTCATCAATTCTTGGGGCTATTAACTTTATTACCACAATTATTAATATAAAACCCCCTGCCATTTCACAATACCAGACACCTTTGTTCGTGTGGGCCGTCCTAATTACCGCTGTTCTTCTTCTTTTATCCCTTCCCGTACTGGCAGCCGGAATTACAATGCTTCTTACTGACCGTAACCTTAATACTACCTTCTTCGACCCAGCAGGGGGAGGGGACCCAATTCTTTACCAACACCTATTC
25,MISEQ01:208:000000000-BFL3R:1:1101:21175:2702_CONS_SUB_SUB,gi|217031117|gb|FJ447380.1|,1.48e-143,281,520,97.078,99,25,578969,Nesippus orientalis,Nesippus,Pandaridae,Siphonostomatoida,Maxillopoda,Arthropoda,Metazoa,1,0,0,0,0,0,1,0,0,0,0,0,Podoplea,Copepoda,Crustacea,Eukaryota,NA,Neocopepoda,NA,NA,NA,NA,NA,NA,TATCTTCTAGGGGGTTTCACTCAGGGGCTTCGGTTGATTTTGCTATTTTTTCGTTACACTTAGCGGGGGTTTCTTCTCTATTGGGGGCTGTTAATTTTATTAGAACCATTTTAAATTTGCGTTGTCTCGGGATGTTGGTTGAACGTATGCCTATGTTCCCTTGATCTGTATTGGTAACAGCGGTGTTGCTGTTGTTATCTCTTCCTGTCTTAGCTGGAGCAATTACTATATTGTTGACTGACCGTAATCTAAACACGTATTTTTTCGATCCGAGAGGAGGAGGAGATCCTATCCTTTACCAGCATTTATTC
26,MISEQ01:208:000000000-BFL3R:1:1101:21633:3574_CONS_SUB_SUB,gi|1411195590|gb|MH378644.1|,1.97e-127,252,466,93.59,99,26,303685,Balistes capriscus,Balistes,Balistidae,Tetraodontiformes,Actinopteri,Chordata,Metazoa,1,0,0,0,0,0,0,0,1,0,0,0,NA,Neopterygii,Craniata,Eukaryota,NA,Teleostei,Actinopterygii,NA,Balistoidea,NA,NA,NA,ACTCGCGGGCAACCTAGCCCATGCAGGAGCATCTGTTGATCTAACCATCTTCTCACTACATTTAGCGGGTATTTCATCAATTTTAGGGGCAATTAACTTTATTACAACAATTATTAATATAAAACCCCCTGCTATTTCCCAGTATCAAACACCCTTGTTTGTCTGAGCAGTTCTGATTACGGCTGTTCTTCTTCTTTTATCGCTCCCCGTCCTAGCCGCCGGAATCACAATGCTTCTCACTGATCGAAACTTAAATACCACATTCTTTGACCCTGCAGGAGGCGGCGACCCGATTCTATACCAACACCTCTTT
27,MISEQ01:208:000000000-BFL3R:1:1101:8465:3590_CONS_SUB_SUB,gi|429141067|gb|KC015879.1|,5.4e-138,271,501,95.806,99,27,303945,Rhizoprionodon terraenovae,Rhizoprionodon,Carcharhinidae,Carcharhiniformes,Chondrichthyes,Chordata,Metazoa,1,0,0,0,0,0,0,0,0,1,0,0,Galeoidea,Elasmobranchii,Craniata,Eukaryota,NA,Selachii,NA,NA,NA,NA,NA,NA,ATTAGCTAGTAATATAGCTCACGCTGGACCATCTGTTGATCTGGCTATTTTCTCCCTTCATTTAGCCGGTGTTTCATCAATTTTAGCCTCAATTAACTTTATTACAACTATTATCAACATAAAACCAACTGCTATTTCCCAATATCAAACGACTTTATTTGTTTGATCTATTCTTGTGACTACTATTCTCCTTCTCCTTTCACTTCCAGTCCTTGCAGCAGGAATTACAATATTACTTGCGGATCGCAACCTTAATACCAAGTCCTTTGACCGTGCAGGTGGGGGAGACCCAAGTCTTTACCAACACCTATGC
28,MISEQ01:208:000000000-BFL3R:1:1101:8705:3498_CONS_SUB_SUB,gi|768105859|gb|KP177306.1|,6.77e-162,314,580,100,100,28,7823,Sphyrna lewini,Sphyrna,Carcharhinidae,Carcharhiniformes,Chondrichthyes,Chordata,Metazoa,1,0,0,0,0,0,0,0,0,0,1,0,Galeoidea,Elasmobranchii,Craniata,Eukaryota,NA,Selachii,NA,NA,NA,NA,NA,NA,CATTAGCTAGCAACTTAGCTCATGCTGGACCATCTGTTGACCTAGCTATCTTTTCCCTACACCTAGCCGGTGTATCATCAATCTTAGCCTCAATTAATTTCATTACAACTATTATTAACATGAAACCTCCAGCCATCTCTCAATATCAAACACCATTATTTGTTTGATCCATTCTTGTAACTACTATCCTACTTCTCCTCTCACTTCCAGTTCTCGCAGCAGGAATTACAATATTACTCACAGATCGTAACCTTAATACTACATTCTTTGATCCTGCAGGGGGAGGAGATCCAATCCTTTATCAACACTTATTC
29,MISEQ01:208:000000000-BFL3R:1:1101:9077:3231_CONS_SUB_SUB,gi|831180770|gb|KT075313.1|,1.18e-129,256,473,93.949,100,29,303945,Rhizoprionodon terraenovae,Rhizoprionodon,Carcharhinidae,Carcharhiniformes,Chondrichthyes,Chordata,Metazoa,1,0,0,0,0,0,0,0,0,1,0,0,Galeoidea,Elasmobranchii,Craniata,Eukaryota,NA,Selachii,NA,NA,NA,NA,NA,NA,ATTAGCTAGTAATATAGCTCACGCTGGACCATCTGTTGATCTGGCTATTTTCTCCCTTCATTTAGCCGGTGTTTCATCAATTTTAGCCTCAATTAACTTTATTACAACCATTATCAACATAAAACCACCAGCTATTTCCCAATATCAAACACCTTTATTTGTTTGATCTGTTCTTGTAACTACTATTCTCCTTCTCCTTTCACTTCCAGTCCTTGCAGCAGGAAGTACCATATTTCGTACAGATCGCCACCTTAATGACACAATATTTTACCCAAGCGGTGGGGGAGACGCCATTATTTACCAACCCCTATTC
